,movie,year,timeMin,imdb,metascore,votes,us_grossMillions
0,Spider-Man: No Way Home,2021,148,8.7,71.0,402798,
1,Dune,2021,155,8.1,74.0,453223,
2,Harry Potter and the Sorcerer's Stone,2001,152,7.6,65.0,734145,317.58
3,West Side Story,2021,156,7.8,85.0,25954,
4,The Gentlemen,2019,113,7.8,51.0,298543,
5,Ghostbusters,1984,105,7.8,71.0,394753,238.63
6,The Matrix,1999,136,8.7,73.0,1824974,171.48
7,Avengers: Endgame,2019,181,8.4,78.0,998778,858.37
8,The Shawshank Redemption,1994,142,9.3,80.0,2529826,28.34
9,Harry Potter and the Goblet of Fire,2005,157,7.7,81.0,594742,290.01
10,CODA,2021,111,8.1,75.0,36840,
11,The Godfather,1972,175,9.2,100.0,1741704,134.97
12,Harry Potter and the Deathly Hallows: Part 2,2011,130,8.1,85.0,826648,381.01
13,The Dark Knight,2008,152,9.0,84.0,2480302,534.86
14,Interstellar,2014,169,8.6,74.0,1675617,188.02
15,Kingsman: The Secret Service,2014,129,7.7,60.0,633060,128.26
16,In the Heat of the Night,1967,110,7.9,75.0,72916,24.38
17,Spider-Man: Into the Spider-Verse,2018,117,8.4,87.0,463149,190.24
18,Harry Potter and the Prisoner of Azkaban,2004,142,7.9,82.0,601016,249.36
19,The Lord of the Rings: The Fellowship of the Ring,2001,178,8.8,92.0,1767147,315.54
20,Avengers: Infinity War,2018,149,8.4,68.0,970694,678.82
21,Once Upon a Time... In Hollywood,2019,161,7.6,83.0,663465,142.5
22,The Wolf of Wall Street,2013,180,8.2,75.0,1304771,116.9
23,Titanic,1997,194,7.8,75.0,1116309,659.33
24,Guess Who's Coming to Dinner,1967,108,7.8,63.0,43864,56.7
25,The Hobbit: An Unexpected Journey,2012,169,7.8,58.0,793431,303.0
26,Pulp Fiction,1994,154,8.9,94.0,1948762,107.93
27,300,2006,117,7.6,52.0,766689,210.61
28,Little Women,2019,135,7.8,91.0,181413,108.1
29,Wind River,2017,107,7.7,73.0,235013,33.8
30,Inglourious Basterds,2009,153,8.3,69.0,1364864,120.54
31,Zack Snyder's Justice League,2021,242,8.1,54.0,356435,
32,Parasite,2019,132,8.6,96.0,707948,53.37
33,Knives Out,2019,130,7.9,82.0,566436,165.36
34,Harry Potter and the Half-Blood Prince,2009,153,7.6,78.0,516313,301.96
35,Inception,2010,148,8.8,74.0,2223161,292.58
36,Harry Potter and the Deathly Hallows: Part 1,2010,146,7.7,65.0,519457,295.98
37,The Father,2020,97,8.3,88.0,119056,
38,The Social Network,2010,120,7.7,95.0,669945,96.96
39,Braveheart,1995,178,8.3,68.0,1003060,75.6
40,Avatar,2009,162,7.8,83.0,1175184,760.51
41,Joker,2019,122,8.4,59.0,1130455,335.45
42,Fight Club,1999,139,8.8,66.0,1989664,37.03
43,Thor: Ragnarok,2017,130,7.9,74.0,674298,315.06
44,Hacksaw Ridge,2016,139,8.1,71.0,485161,67.21
45,The Last Picture Show,1971,118,8.0,93.0,46456,29.13
46,Blade Runner 2049,2017,164,8.0,81.0,524818,92.05
47,Pride & Prejudice,2005,129,7.8,82.0,280810,38.41
48,Gone Girl,2014,149,8.1,79.0,931106,167.77
49,Saving Private Ryan,1998,169,8.6,91.0,1320598,216.54
50,The Big Short,2015,130,7.8,81.0,404842,70.26
51,Hell or High Water,2016,102,7.6,88.0,219934,26.86
52,Guardians of the Galaxy,2014,121,8.0,76.0,1118784,333.18
53,Django Unchained,2012,165,8.4,81.0,1462611,162.81
54,1917,2019,119,8.3,78.0,525002,159.23
55,Taxi Driver,1976,114,8.2,94.0,778745,28.26
56,American Psycho,2000,101,7.6,64.0,544582,15.07
57,The Girl with the Dragon Tattoo,2011,158,7.8,71.0,448920,102.52
58,Gladiator,2000,155,8.5,67.0,1428381,187.71
59,Tombstone,1993,130,7.8,50.0,139783,56.51
60,True Grit,2010,110,7.6,80.0,329150,171.24
61,Prisoners,2013,153,8.1,70.0,658675,61.0
62,Iron Man,2008,126,7.9,79.0,1008067,318.41
63,The Great Escape,1963,172,8.2,86.0,237525,12.1
64,The Departed,2006,151,8.5,85.0,1264420,132.38
65,Schindler's List,1993,195,8.9,94.0,1292607,96.9
66,The Lord of the Rings: The Return of the King,2003,201,8.9,94.0,1745863,377.85
67,The Prestige,2006,130,8.5,66.0,1270705,53.09
68,Goodfellas,1990,146,8.7,90.0,1094297,46.84
69,Léon: The Professional,1994,110,8.5,64.0,1105505,19.5
70,No Country for Old Men,2007,122,8.1,91.0,922381,74.28
71,Mission: Impossible - Fallout,2018,147,7.7,86.0,314943,220.16
72,Deadpool,2016,108,8.0,65.0,973887,363.07
73,The Avengers,2012,143,8.0,69.0,1333346,623.28
74,Call Me by Your Name,2017,132,7.9,93.0,248331,18.1
75,Se7en,1995,127,8.6,65.0,1552313,100.13
76,Forrest Gump,1994,142,8.8,82.0,1952484,330.25
77,Jai Bhim,2021,164,9.3,,169094,
78,Captain America: Civil War,2016,147,7.8,75.0,733672,408.08
79,Good Will Hunting,1997,126,8.3,70.0,920150,138.43
80,Casino Royale,2006,144,8.0,80.0,635761,167.45
81,The Hobbit: The Desolation of Smaug,2013,161,7.8,66.0,633497,258.37
82,Whiplash,2014,106,8.5,88.0,785889,13.09
83,Star Wars: Episode IV - A New Hope,1977,121,8.6,90.0,1299842,322.74
84,The Silence of the Lambs,1991,118,8.6,85.0,1360232,130.74
85,The Grand Budapest Hotel,2014,99,8.1,88.0,764812,59.1
86,Dunkirk,2017,106,7.8,94.0,614428,188.37
87,There Will Be Blood,2007,158,8.2,93.0,557463,40.22
88,Apocalypse Now,1979,147,8.4,94.0,641087,83.47
89,The Mitchells vs the Machines,2021,113,7.7,81.0,86500,
90,The Lord of the Rings: The Two Towers,2002,179,8.7,87.0,1577362,342.55
91,Deadpool 2,2018,119,7.7,66.0,537307,324.59
92,Midnight in Paris,2011,94,7.7,81.0,409597,56.82
93,The Green Mile,1999,189,8.6,61.0,1230826,136.8
94,Heat,1995,170,8.2,76.0,622023,67.44
95,The Revenant,2015,156,8.0,76.0,762034,183.64
96,The Godfather: Part II,1974,202,9.0,90.0,1208410,57.3
97,Jurassic Park,1993,127,8.1,68.0,927897,402.45
98,Snatch,2000,102,8.2,55.0,825023,30.33
99,Shutter Island,2010,138,8.2,63.0,1228729,128.01
100,The Dark Knight Rises,2012,164,8.4,78.0,1609924,448.14
101,Moana,2016,107,7.6,81.0,308865,248.76
102,Jojo Rabbit,2019,108,7.9,58.0,354624,0.35
103,Silver Linings Playbook,2012,122,7.7,81.0,690236,132.09
104,Another Round,2020,117,7.8,79.0,128956,
105,Die Hard,1988,132,8.2,72.0,846105,83.01
106,Stand by Me,1986,89,8.1,75.0,386269,52.29
107,Willy Wonka & the Chocolate Factory,1971,100,7.8,67.0,193164,4.0
108,Memento,2000,113,8.4,80.0,1188973,25.54
109,Stardust,2007,127,7.6,66.0,266459,38.63
110,12 Angry Men,1957,96,9.0,96.0,747435,4.36
111,Batman Begins,2005,140,8.2,70.0,1386312,206.85
112,Hamilton,2020,160,8.4,90.0,81124,
113,Back to the Future,1985,116,8.5,87.0,1138072,210.61
114,Mad Max: Fury Road,2015,120,8.1,90.0,948967,154.06
115,Guardians of the Galaxy Vol. 2,2017,136,7.6,67.0,632000,389.81
116,The Usual Suspects,1995,106,8.5,77.0,1045694,23.34
117,American Beauty,1999,122,8.3,84.0,1118994,130.1
118,Big Fish,2003,125,8.0,58.0,431698,66.26
119,Pirates of the Caribbean: The Curse of the Black Pearl,2003,143,8.0,63.0,1059434,305.41
120,Home Alone,1990,103,7.6,63.0,545916,285.76
121,Inside Man,2006,129,7.6,76.0,360434,88.51
122,Blade Runner,1982,117,8.1,84.0,736969,32.87
123,My Cousin Vinny,1992,120,7.6,68.0,118448,52.93
124,The Shining,1980,146,8.4,66.0,966219,44.02
125,Star Wars: Episode VII - The Force Awakens,2015,138,7.8,80.0,897562,936.66
126,Terminator 2: Judgment Day,1991,137,8.5,75.0,1051741,204.84
127,Requiem for a Dream,2000,102,8.3,68.0,807862,3.64
128,Scarface,1983,170,8.3,65.0,794973,45.6
129,The Irishman,2019,209,7.8,94.0,362498,7.0
130,Alien,1979,117,8.4,89.0,839666,78.9
131,The Imitation Game,2014,114,8.0,71.0,733801,91.13
132,The Princess Bride,1987,98,8.1,77.0,416234,30.86
133,Airplane!,1980,88,7.7,78.0,229138,83.4
134,Moonrise Kingdom,2012,94,7.8,84.0,338583,45.51
135,The Hateful Eight,2015,168,7.8,68.0,565846,54.12
136,A Clockwork Orange,1971,136,8.3,77.0,798548,6.21
137,Dazed and Confused,1993,102,7.6,78.0,177029,7.99
138,The Goonies,1985,114,7.8,62.0,261121,61.5
139,Logan,2017,137,8.1,77.0,708694,226.28
140,Boogie Nights,1997,155,7.9,85.0,255122,26.4
141,Coco,2017,105,8.4,81.0,455711,209.73
142,Jaws,1975,124,8.0,87.0,572602,260.0
143,Fargo,1996,98,8.1,85.0,654153,24.61
144,Catch Me If You Can,2002,141,8.1,75.0,914277,164.62
145,Eternal Sunshine of the Spotless Mind,2004,108,8.3,89.0,964491,34.4
146,The Blind Side,2009,129,7.6,53.0,316131,255.96
147,La La Land,2016,128,8.0,94.0,552553,151.1
148,Green Book,2018,130,8.2,69.0,445722,85.08
149,Lawrence of Arabia,1962,228,8.3,100.0,284073,44.82
150,Captain America: The Winter Soldier,2014,136,7.7,70.0,798825,259.77
151,A Star Is Born,2018,136,7.6,88.0,365468,215.29
152,Bohemian Rhapsody,2018,134,7.9,49.0,503612,216.43
153,The Hangover,2009,100,7.7,73.0,755185,277.32
154,Skyfall,2012,143,7.8,81.0,676990,304.36
155,Sicario,2015,121,7.6,82.0,407233,46.89
156,Spirited Away,2001,125,8.6,96.0,713455,10.06
157,Soul,2020,100,8.1,83.0,295159,
158,Once Upon a Time in America,1984,229,8.3,75.0,336706,5.32
159,Rogue One: A Star Wars Story,2016,133,7.8,65.0,593231,532.18
160,Almost Famous,2000,122,7.9,90.0,268786,32.53
161,The Hunt,2012,115,8.3,77.0,312110,0.69
162,"Three Billboards Outside Ebbing, Missouri",2017,115,8.1,88.0,478971,54.51
163,Moneyball,2011,133,7.6,87.0,402036,75.61
164,The Big Lebowski,1998,117,8.1,71.0,779065,17.5
165,Into the Wild,2007,148,8.1,73.0,603842,18.35
166,Arrival,2016,116,7.9,81.0,656504,100.55
167,Ex Machina,2014,108,7.7,78.0,514715,25.44
168,Cast Away,2000,143,7.8,73.0,565640,233.63
169,Oldboy,2003,120,8.4,77.0,552202,0.71
170,Black Swan,2010,108,8.0,79.0,735401,106.95
171,The Terminator,1984,107,8.0,84.0,829978,38.4
172,Get Out,2017,104,7.7,85.0,546308,176.04
173,X-Men: First Class,2011,131,7.7,65.0,671442,146.41
174,Aliens,1986,137,8.3,84.0,690040,85.16
175,"The Good, the Bad and the Ugly",1966,178,8.8,90.0,731154,6.1
176,Star Wars: Episode V - The Empire Strikes Back,1980,124,8.7,82.0,1228348,290.48
177,One Flew Over the Cuckoo's Nest,1975,133,8.7,84.0,969276,112.0
178,Watchmen,2009,162,7.6,56.0,532761,107.51
179,Some Like It Hot,1959,121,8.2,98.0,258518,25.0
180,Drive,2011,100,7.8,78.0,606801,35.06
181,American History X,1998,119,8.5,62.0,1082468,6.72
182,City of God,2002,130,8.6,79.0,732110,7.56
183,The Martian,2015,144,8.0,80.0,813067,228.43
184,Star Wars: Episode VI - Return of the Jedi,1983,131,8.3,58.0,1004173,309.13
185,The Lion King,1994,88,8.5,88.0,1004380,422.78
186,The Fifth Element,1997,126,7.7,52.0,456882,63.54
187,Warrior,2011,140,8.1,71.0,456331,13.66
188,The Perks of Being a Wallflower,2012,103,7.9,67.0,490336,17.74
189,Full Metal Jacket,1987,116,8.3,76.0,712951,46.36
190,Zootopia,2016,108,8.0,78.0,470251,341.27
191,L.A. Confidential,1997,138,8.2,90.0,562685,64.62
192,The Pianist,2002,150,8.5,85.0,788562,32.57
193,The Trial of the Chicago 7,2020,129,7.8,76.0,165859,
194,Train to Busan,2016,118,7.6,72.0,200370,2.13
195,The Notebook,2004,123,7.8,53.0,549927,81.0
196,Reservoir Dogs,1992,99,8.3,79.0,974929,2.83
197,Kill Bill: Vol. 1,2003,111,8.1,69.0,1066194,70.1
198,Indiana Jones and the Raiders of the Lost Ark,1981,115,8.4,85.0,931193,248.16
199,Zodiac,2007,157,7.7,78.0,511111,33.08
200,The Intouchables,2011,112,8.5,57.0,815183,13.18
201,Nightcrawler,2014,117,7.8,76.0,509733,32.38
202,2001: A Space Odyssey,1968,149,8.3,84.0,641442,56.95
203,The Sandlot,1993,101,7.8,55.0,86881,32.42
204,Room,2015,118,8.1,86.0,400961,14.68
205,Donnie Darko,2001,113,8.0,88.0,773859,1.48
206,Dead Poets Society,1989,128,8.1,79.0,460629,95.86
207,Her,2013,126,8.0,91.0,579756,25.57
208,Ferris Bueller's Day Off,1986,103,7.8,61.0,342493,70.14
209,Hidden Figures,2016,127,7.9,74.0,217297,169.61
210,Trainspotting,1996,93,8.1,83.0,665246,16.5
211,Demon Slayer: Mugen Train,2020,117,8.2,75.0,44225,47.7
212,Birdman or (The Unexpected Virtue of Ignorance),2014,119,7.7,87.0,609908,42.34
213,Office Space,1999,89,7.7,68.0,256210,10.82
214,Ford v Ferrari,2019,152,8.1,81.0,351631,117.62
215,12 Years a Slave,2013,134,8.1,96.0,675370,56.67
216,Ocean's Eleven,2001,116,7.7,74.0,548975,183.42
217,X-Men: Days of Future Past,2014,132,7.9,75.0,688782,233.92
218,The Truman Show,1998,103,8.1,90.0,1012903,125.62
219,Sin City,2005,124,8.0,74.0,755062,74.1
220,Life Is Beautiful,1997,116,8.6,59.0,665130,57.6
221,Blue Is the Warmest Colour,2013,180,7.7,89.0,147179,2.2
222,Training Day,2001,122,7.7,69.0,417073,76.63
223,Edge of Tomorrow,2014,113,7.9,71.0,644306,100.21
224,"Lock, Stock and Two Smoking Barrels",1998,107,8.2,66.0,563772,3.9
225,The Theory of Everything,2014,123,7.7,71.0,432650,35.89
226,Argo,2012,120,7.7,86.0,598322,136.03
227,Mulholland Drive,2001,147,7.9,85.0,343140,7.22
228,The Handmaiden,2016,145,8.1,84.0,133399,2.01
229,It's a Wonderful Life,1946,130,8.6,89.0,438146,
230,The Curious Case of Benjamin Button,2008,166,7.8,70.0,625043,127.51
231,Marriage Story,2019,137,7.9,94.0,284955,2.0
232,True Romance,1993,119,7.9,59.0,220071,12.28
233,About Time,2013,123,7.8,55.0,330182,15.32
234,A Beautiful Mind,2001,135,8.2,72.0,896233,170.74
235,Mystic River,2003,138,7.9,84.0,443653,90.14
236,Ratatouille,2007,111,8.0,96.0,683481,206.45
237,Atonement,2007,123,7.8,85.0,268053,50.93
238,Spotlight,2015,129,8.1,93.0,451524,45.06
239,Magnolia,1999,188,8.0,77.0,304218,22.46
240,V for Vendetta,2005,132,8.1,62.0,1084361,70.51
241,Psycho,1960,109,8.5,97.0,642986,32.0
242,Gravity,2013,91,7.7,96.0,802550,274.09
243,Downfall,2004,156,8.2,82.0,345960,5.51
244,American Gangster,2007,157,7.8,76.0,413613,130.16
245,The Thing,1982,109,8.1,57.0,401909,13.78
246,Brokeback Mountain,2005,134,7.7,87.0,344163,83.04
247,Tangled,2010,100,7.7,71.0,431800,200.82
248,Apocalypto,2006,139,7.8,68.0,303921,50.87
249,Children of Men,2006,109,7.9,84.0,486534,35.55
250,The Royal Tenenbaums,2001,110,7.6,76.0,282859,52.36
251,The Help,2011,146,8.0,62.0,443792,169.71
252,The Wizard of Oz,1939,102,8.0,92.0,384368,2.08
253,Casino,1995,178,8.2,73.0,497389,42.44
254,The Sixth Sense,1999,107,8.1,64.0,955665,293.51
255,The Sound of Music,1965,172,8.0,63.0,221299,163.21
256,The Incredibles,2004,115,8.0,90.0,692954,261.44
257,The Last of the Mohicans,1992,112,7.7,76.0,163003,75.51
258,Dances with Wolves,1990,181,8.0,72.0,254521,184.21
259,Dallas Buyers Club,2013,117,8.0,79.0,470146,27.3
260,The Thin Red Line,1998,170,7.6,78.0,183087,36.4
261,Gran Torino,2008,116,8.1,72.0,752351,148.1
262,Howl's Moving Castle,2004,119,8.2,80.0,368595,4.71
263,Your Name.,2016,106,8.4,79.0,237680,5.02
264,Casablanca,1942,102,8.5,100.0,551595,1.02
265,Platoon,1986,120,8.1,92.0,400984,138.53
266,Black Hawk Down,2001,144,7.7,74.0,383241,108.64
267,The Raid: Redemption,2011,101,7.6,73.0,199279,4.11
268,Pan's Labyrinth,2006,118,8.2,98.0,647692,37.63
269,The Bourne Identity,2002,119,7.9,68.0,531897,121.66
270,Predator,1987,107,7.8,45.0,393885,59.74
271,Toy Story,1995,81,8.3,95.0,945684,191.8
272,Amadeus,1984,160,8.3,88.0,388065,51.97
273,Taken,2008,90,7.8,51.0,587304,145.0
274,Inside Out,2015,95,8.1,94.0,671009,356.46
275,Gifted,2017,101,7.6,60.0,110619,24.8
276,Unforgiven,1992,130,8.2,85.0,398197,101.16
277,The Breakfast Club,1985,97,7.8,66.0,379223,45.88
278,Paper Moon,1973,102,8.1,77.0,45805,30.93
279,What We Do in the Shadows,2014,86,7.7,76.0,173862,3.33
280,Toy Story 4,2019,100,7.7,84.0,231070,434.04
281,Finding Nemo,2003,100,8.1,90.0,1000962,380.84
282,Rocky,1976,120,8.1,70.0,550226,117.24
283,The Florida Project,2017,111,7.6,92.0,107304,5.9
284,Incendies,2010,131,8.3,80.0,167833,6.86
285,Philadelphia,1993,125,7.7,66.0,235320,77.32
286,The Butterfly Effect,2004,113,7.6,30.0,473750,57.94
287,Come and See,1985,142,8.3,,71340,
288,Sherlock Holmes,2009,128,7.6,57.0,612109,209.03
289,Gone with the Wind,1939,238,8.1,97.0,305797,198.68
290,Star Trek,2009,127,7.9,82.0,594382,257.73
291,The Deer Hunter,1978,183,8.1,86.0,329213,48.98
292,Up,2009,96,8.2,88.0,995202,293.0
293,The Exorcist,1973,122,8.0,81.0,383901,232.91
294,Changeling,2008,141,7.7,63.0,249834,35.74
295,Capernaum,2018,126,8.4,75.0,80532,1.66
296,Sound of Metal,2019,120,7.8,82.0,113595,
297,Lethal Weapon,1987,109,7.6,68.0,250690,65.21
298,Rush,2013,123,8.1,74.0,461084,26.95
299,Fantastic Mr. Fox,2009,87,7.9,83.0,219424,21.0
300,Blazing Saddles,1974,93,7.7,73.0,134280,119.5
301,Just Mercy,2019,137,7.6,68.0,61136,
302,Minority Report,2002,145,7.6,80.0,534078,132.07
303,E.T. the Extra-Terrestrial,1982,115,7.8,91.0,393769,435.11
304,Shrek,2001,90,7.9,84.0,649035,267.67
305,WALL·E,2008,98,8.4,95.0,1063565,223.81
306,Lost in Translation,2003,102,7.7,89.0,439435,44.59
307,Gone Baby Gone,2007,114,7.6,72.0,266194,20.3
308,Despicable Me,2010,95,7.6,72.0,525254,251.51
309,Hot Fuzz,2007,121,7.8,81.0,489493,23.64
310,Manchester by the Sea,2016,137,7.8,96.0,268036,47.7
311,The Count of Monte Cristo,2002,131,7.7,61.0,134886,54.23
312,Little Miss Sunshine,2006,101,7.8,80.0,461614,59.89
313,Portrait of a Lady on Fire,2019,122,8.1,95.0,82358,3.76
314,K.G.F: Chapter 1,2018,156,8.3,,53066,
315,In Bruges,2008,107,7.9,67.0,408810,7.76
316,Shaun of the Dead,2004,99,7.9,76.0,539274,13.54
317,Man on Fire,2004,146,7.7,47.0,351260,77.91
318,Amélie,2001,122,8.3,69.0,734150,33.23
319,500 Days of Summer,2009,95,7.6,76.0,495580,32.39
320,The Fugitive,1993,130,7.8,87.0,283870,183.88
321,Captain Fantastic,2016,118,7.9,72.0,209914,5.88
322,Memories of Murder,2003,132,8.1,82.0,166186,0.01
323,Sense and Sensibility,1995,136,7.7,84.0,111590,43.18
324,The Invisible Guest,2016,106,8.1,,165925,
325,The Girl with the Dragon Tattoo,2009,152,7.8,76.0,214240,10.1
326,The Machinist,2004,101,7.7,61.0,376618,1.08
327,3 Idiots,2009,170,8.4,67.0,376468,6.53
328,Dark Waters,2019,126,7.6,73.0,79637,
329,Dr. Strangelove or: How I Learned to Stop Worrying and Love the Bomb,1964,95,8.4,97.0,474024,0.28
330,The Pursuit of Happyness,2006,117,8.0,64.0,484972,163.57
331,The Game,1997,129,7.7,61.0,376852,48.32
332,Halloween,1978,91,7.7,87.0,261682,47.0
333,The Philadelphia Story,1940,112,7.9,96.0,67384,
334,The Lives of Others,2006,137,8.4,89.0,378341,11.29
335,"Monsters, Inc.",2001,92,8.1,79.0,867384,289.92
336,Rain Man,1988,133,8.0,65.0,496539,178.8
337,In Cold Blood,1967,134,7.9,89.0,26026,
338,Singin' in the Rain,1952,103,8.3,99.0,233175,8.82
339,Once Upon a Time in the West,1968,165,8.5,80.0,319225,5.32
340,The Great Beauty,2013,141,7.8,86.0,87383,2.85
341,Edward Scissorhands,1990,105,7.9,74.0,470960,56.36
342,Saw,2004,103,7.6,46.0,404221,56.0
343,The Last Samurai,2003,154,7.7,55.0,422226,111.11
344,Blood Diamond,2006,143,8.0,64.0,528377,57.37
345,Remember the Titans,2000,113,7.8,48.0,208270,115.65
346,Young Frankenstein,1974,106,8.0,80.0,153812,86.3
347,The Bridge on the River Kwai,1957,161,8.1,87.0,214290,44.91
348,What's Eating Gilbert Grape,1993,118,7.7,73.0,229086,9.17
349,Mary Poppins,1964,139,7.8,88.0,166959,102.27
350,The Bourne Supremacy,2004,108,7.7,73.0,452278,176.24
351,As Good as It Gets,1997,139,7.7,67.0,291297,148.48
352,Crash,2004,112,7.7,66.0,430206,54.58
353,Big Hero 6,2014,102,7.8,74.0,438903,222.53
354,How to Train Your Dragon,2010,98,8.1,75.0,706551,217.58
355,Wonder,2017,113,8.0,66.0,156611,132.42
356,Primal Fear,1996,129,7.7,47.0,204773,56.12
357,Life of Pi,2012,127,7.9,79.0,608863,124.99
358,Citizen Kane,1941,119,8.3,100.0,428766,1.59
359,Seven Samurai,1954,207,8.6,98.0,334366,0.27
360,Rushmore,1998,93,7.7,86.0,180130,17.11
361,Groundhog Day,1993,101,8.0,72.0,602890,70.91
362,Fried Green Tomatoes,1991,130,7.7,64.0,72267,82.42
363,Rear Window,1954,112,8.5,100.0,473617,36.76
364,12 Monkeys,1995,129,8.0,74.0,602559,57.14
365,Zombieland,2009,88,7.6,73.0,551725,75.59
366,"O Brother, Where Art Thou?",2000,107,7.7,69.0,302118,45.51
367,Straight Outta Compton,2015,147,7.8,72.0,192819,161.2
368,Kill Bill: Vol. 2,2004,137,8.0,83.0,726254,66.21
369,Grave of the Fireflies,1988,89,8.5,94.0,259727,
370,Aladdin,1992,90,8.0,86.0,393240,217.35
371,Mr. Nobody,2009,141,7.8,63.0,227294,0.0
372,Before Sunrise,1995,101,8.1,77.0,292780,5.54
373,Misery,1990,107,7.8,75.0,199717,61.28
374,Serenity,2005,119,7.8,74.0,291521,25.51
375,Indiana Jones and the Last Crusade,1989,127,8.2,65.0,728488,197.17
376,Y tu mamá también,2001,106,7.6,88.0,120610,13.62
377,Apollo 13,1995,140,7.6,77.0,285536,173.84
378,The Graduate,1967,106,8.0,83.0,266371,104.95
379,Princess Mononoke,1997,134,8.4,76.0,373679,2.38
380,Once Were Warriors,1994,102,7.9,77.0,33351,2.2
381,A Few Good Men,1992,138,7.7,62.0,251843,141.34
382,Million Dollar Baby,2004,132,8.1,86.0,666608,100.49
383,Slumdog Millionaire,2008,120,8.0,84.0,825999,141.32
384,Moon,2009,97,7.8,67.0,349797,5.01
385,The King's Speech,2010,118,8.0,88.0,663813,138.8
386,The Fault in Our Stars,2014,126,7.7,69.0,363354,124.87
387,Mulan,1998,88,7.7,71.0,274303,120.62
388,The Boondock Saints,1999,108,7.7,44.0,235096,0.03
389,In the Mood for Love,2000,98,8.1,85.0,141299,2.73
390,Gilda,1946,110,7.6,,31456,
391,Isle of Dogs,2018,101,7.8,82.0,158584,32.02
392,Hunt for the Wilderpeople,2016,101,7.9,81.0,124011,5.2
393,Vertigo,1958,128,8.3,100.0,388899,3.2
394,Monty Python and the Holy Grail,1975,91,8.2,91.0,525028,1.23
395,Metropolis,1927,153,8.3,98.0,169340,1.24
396,The Boy in the Striped Pajamas,2008,94,7.8,55.0,207495,9.03
397,JFK,1991,189,8.0,72.0,151230,70.41
398,District 9,2009,112,7.9,81.0,663225,115.65
399,The Sting,1973,129,8.3,83.0,254073,159.6
400,Lion,2016,118,8.0,69.0,228717,51.74
401,When Harry Met Sally...,1989,95,7.6,76.0,209864,92.82
402,The Bourne Ultimatum,2007,115,8.0,85.0,622154,227.47
403,Sardar Udham,2021,164,8.7,,34910,
404,Deliverance,1972,109,7.7,80.0,105056,7.06
405,Boyhood,2014,165,7.9,100.0,347656,25.38
406,Blue Velvet,1986,120,7.7,76.0,192164,8.55
407,Close Encounters of the Third Kind,1977,138,7.6,90.0,195525,132.09
408,Paddington 2,2017,103,7.8,88.0,70849,40.44
409,Empire of the Sun,1987,153,7.7,62.0,122209,22.24
410,Chinatown,1974,130,8.2,92.0,314594,8.49
411,Scent of a Woman,1992,156,8.0,59.0,283932,63.9
412,Wreck-It Ralph,2012,101,7.7,72.0,403955,189.42
413,Back to the Future Part II,1989,108,7.8,57.0,510321,118.5
414,Gattaca,1997,106,7.8,64.0,294003,12.34
415,Das Boot,1981,149,8.3,86.0,244037,11.49
416,Raging Bull,1980,129,8.2,89.0,340924,23.38
417,The Fighter,2010,116,7.8,79.0,355734,93.62
418,Boyz n the Hood,1991,112,7.8,76.0,135560,57.5
419,Beauty and the Beast,1991,84,8.0,95.0,433764,218.97
420,Klaus,2019,96,8.2,65.0,136702,
421,The Lego Movie,2014,100,7.7,83.0,340352,257.76
422,The Secret in Their Eyes,2009,129,8.2,80.0,203833,6.39
423,Star Trek Into Darkness,2013,132,7.7,72.0,476106,228.78
424,North by Northwest,1959,136,8.3,98.0,317400,13.28
425,The Magnificent Seven,1960,128,7.7,74.0,92637,4.91
426,Dark City,1998,100,7.6,66.0,195872,14.38
427,Walk the Line,2005,136,7.8,72.0,244460,119.52
428,Toy Story 3,2010,103,8.2,92.0,799986,415.0
429,Captain Phillips,2013,134,7.8,82.0,444475,107.1
430,Planet of the Apes,1968,112,8.0,79.0,174760,33.4
431,"Blood In, Blood Out",1993,180,8.0,47.0,30528,4.5
432,Who Framed Roger Rabbit,1988,104,7.7,83.0,194053,156.45
433,To Kill a Mockingbird,1962,129,8.2,88.0,308066,
434,Barry Lyndon,1975,185,8.1,89.0,161336,
435,First Blood,1982,93,7.7,61.0,242327,47.21
436,I Saw the Devil,2010,144,7.8,67.0,123188,0.13
437,Ben-Hur,1959,212,8.1,90.0,231941,74.7
438,Breakfast at Tiffany's,1961,115,7.6,76.0,175143,
439,Dangal,2016,161,8.4,,176906,12.39
440,Billy Elliot,2000,110,7.7,74.0,132217,22.0
441,Match Point,2005,124,7.6,72.0,214046,23.09
442,The Blues Brothers,1980,133,7.9,60.0,193341,57.23
443,The Road Warrior,1981,96,7.6,77.0,175287,12.47
444,Goldfinger,1964,110,7.7,87.0,184661,51.08
445,End of Watch,2012,109,7.6,68.0,240051,41.0
446,Cinema Paradiso,1988,155,8.5,80.0,250308,11.99
447,Coraline,2009,100,7.7,80.0,214604,75.29
448,Road to Perdition,2002,117,7.7,72.0,260447,104.45
449,The Naked Gun: From the Files of Police Squad!,1988,85,7.6,76.0,163248,78.76
450,Roma,2018,135,7.7,96.0,151770,
451,Brazil,1985,132,7.9,84.0,196908,9.93
452,Donnie Brasco,1997,127,7.7,76.0,295662,41.91
453,Doctor Zhivago,1965,197,8.0,69.0,74416,111.72
454,My Fair Lady,1964,170,7.8,95.0,92810,72.0
455,The Untouchables,1987,119,7.9,79.0,299022,76.27
456,Adaptation.,2002,115,7.7,83.0,188070,22.25
457,My Neighbor Totoro,1988,86,8.2,86.0,319450,1.11
458,3:10 to Yuma,2007,122,7.7,76.0,301884,53.61
459,Naked,1993,131,7.8,85.0,38010,1.77
460,Being John Malkovich,1999,113,7.7,90.0,326735,22.86
461,Mississippi Burning,1988,128,7.8,65.0,96827,34.6
462,The Nightmare Before Christmas,1993,76,8.0,82.0,323121,75.08
463,Awakenings,1990,121,7.8,74.0,135738,52.1
464,The Raid 2,2014,150,8.0,71.0,120105,2.63
465,A Silent Voice: The Movie,2016,130,8.2,78.0,69658,
466,Gandhi,1982,191,8.0,79.0,225289,52.77
467,A Christmas Story,1983,93,7.9,77.0,145420,20.61
468,The Jungle Book,1967,78,7.6,65.0,175829,141.84
469,Butch Cassidy and the Sundance Kid,1969,110,8.0,66.0,211242,102.31
470,Carlito's Way,1993,144,7.9,65.0,211586,36.95
471,Chungking Express,1994,102,8.1,78.0,74735,0.6
472,Network,1976,121,8.1,83.0,154465,
473,Toy Story 2,1999,92,7.9,88.0,557528,245.85
474,This Is Spinal Tap,1984,82,7.9,92.0,136511,4.74
475,Bonnie and Clyde,1967,111,7.8,86.0,109619,
476,Stalker,1979,162,8.1,,129199,0.23
477,The Birds,1963,119,7.7,90.0,182676,11.4
478,The Wrestler,2008,109,7.9,80.0,299584,26.24
479,Kelly's Heroes,1970,144,7.6,50.0,48167,1.38
480,The Artist,2011,100,7.9,89.0,237841,44.67
481,Dog Day Afternoon,1975,125,8.0,86.0,249176,50.0
482,Spartacus,1960,197,7.9,87.0,131622,30.0
483,The French Connection,1971,104,7.7,94.0,118135,15.63
484,Miracle in Cell No. 7,2019,132,8.2,,44746,
485,Rosemary's Baby,1968,137,8.0,96.0,207544,
486,"Crouching Tiger, Hidden Dragon",2000,120,7.8,94.0,263433,128.08
487,The Color Purple,1985,154,7.8,78.0,83873,98.47
488,The Apartment,1960,125,8.3,94.0,175353,18.6
489,The Seventh Seal,1957,96,8.2,88.0,178718,
490,"Paris, Texas",1984,145,8.1,78.0,101863,2.18
491,Perfect Blue,1997,81,8.0,,68950,0.78
492,Life of Brian,1979,94,8.1,77.0,387559,20.05
493,Blood Simple,1984,99,7.6,83.0,93776,2.15
494,A Fistful of Dollars,1964,99,8.0,65.0,210155,14.5
495,A Separation,2011,123,8.3,95.0,235866,7.1
496,The Skin I Live In,2011,120,7.6,70.0,147704,3.19
497,A Bronx Tale,1993,121,7.8,80.0,136351,17.27
498,Midnight Cowboy,1969,113,7.8,79.0,108032,44.79
499,Dogville,2003,178,8.0,60.0,145147,1.53
500,Togo,2019,113,8.0,69.0,45243,
501,Battle Royale,2000,114,7.6,81.0,178724,
502,The Conversation,1974,113,7.8,85.0,107777,4.42
503,Let the Right One In,2008,114,7.9,82.0,212602,2.12
504,The Fall,2006,117,7.8,64.0,110643,2.28
505,The Others,2001,104,7.6,74.0,355234,96.52
506,Eastern Promises,2007,100,7.6,82.0,237482,17.11
507,The Great Dictator,1940,125,8.4,,216802,0.29
508,Akira,1988,124,8.0,67.0,177857,0.55
509,Ordinary People,1980,124,7.7,86.0,50374,54.8
510,Vikram Vedha,2017,147,8.3,,35547,
511,The Ten Commandments,1956,220,7.9,,68194,93.74
512,For a Few Dollars More,1965,132,8.2,74.0,247698,15.0
513,The Elephant Man,1980,124,8.1,78.0,233815,
514,Kramer vs. Kramer,1979,105,7.8,77.0,141201,106.26
515,Fallen Angels,1995,99,7.7,71.0,35032,
516,Serpico,1973,130,7.7,87.0,118796,29.8
517,La Haine,1995,98,8.1,,164235,0.31
518,The Remains of the Day,1993,134,7.8,86.0,71597,22.95
519,Dirty Harry,1971,102,7.7,87.0,151591,35.9
520,After Hours,1985,97,7.7,90.0,66379,10.6
521,Seven Pounds,2008,123,7.6,36.0,297069,69.95
522,In the Name of the Father,1993,133,8.1,84.0,168671,25.01
523,Before Sunset,2004,80,8.1,90.0,252609,5.82
524,Fanny and Alexander,1982,188,8.1,100.0,62352,4.97
525,All the President's Men,1976,138,8.0,84.0,111488,70.6
526,Searching,2018,102,7.6,71.0,156098,26.02
527,Witness for the Prosecution,1957,116,8.4,,119589,8.18
528,Lost Highway,1997,134,7.6,52.0,138246,3.8
529,The Holy Mountain,1973,114,7.9,76.0,41197,0.06
530,This Is England,2006,101,7.7,86.0,120082,0.33
531,Wolfwalkers,2020,103,8.0,87.0,28289,
532,The Man from Earth,2007,87,7.9,,182961,
533,Rope,1948,80,8.0,73.0,138714,
534,Glory,1989,122,7.8,78.0,131530,26.83
535,Hara-Kiri,1962,133,8.6,85.0,51635,
536,Hachi: A Dog's Tale,2009,93,8.1,,272129,
537,Wild Tales,2014,122,8.1,77.0,190348,3.11
538,M,1931,99,8.3,,153063,0.03
539,Sunset Blvd.,1950,110,8.4,,214536,
540,Ip Man,2008,106,8.0,59.0,219419,
541,Shershaah,2021,135,8.7,,112147,
542,Ed Wood,1994,127,7.8,70.0,172356,5.89
543,Charade,1963,113,7.9,83.0,74484,13.47
544,Do the Right Thing,1989,120,8.0,93.0,98560,27.55
545,How to Train Your Dragon 2,2014,102,7.8,77.0,322228,177.0
546,The Best Offer,2013,131,7.8,49.0,115262,0.09
547,Annie Hall,1977,93,8.0,92.0,260418,39.2
548,The Celebration,1998,105,8.1,82.0,84627,1.65
549,Rebecca,1940,130,8.1,86.0,133121,4.36
550,Baahubali: The Beginning,2015,159,8.0,,110999,6.74
551,Cinderella Man,2005,144,8.0,69.0,183465,61.65
552,Ponyo,2008,101,7.7,86.0,136415,15.09
553,Perfect Strangers,2016,96,7.8,,62427,
554,The Name of the Rose,1986,130,7.7,54.0,106438,7.15
555,Stagecoach,1939,96,7.9,93.0,47276,
556,Fiddler on the Roof,1971,181,8.0,67.0,42410,80.5
557,Before Midnight,2013,109,7.9,94.0,151454,8.11
558,Star Trek II: The Wrath of Khan,1982,113,7.7,67.0,118177,78.91
559,Once,2007,86,7.8,88.0,114683,9.44
560,Cool Hand Luke,1967,127,8.1,92.0,172360,16.22
561,The Insider,1999,157,7.8,84.0,167686,28.97
562,Amores perros,2000,154,8.1,83.0,234879,5.38
563,Only the Brave,2017,134,7.6,72.0,65126,18.34
564,Evil,2003,113,7.8,61.0,37485,0.02
565,Paths of Glory,1957,88,8.4,90.0,190333,
566,On the Waterfront,1954,108,8.1,91.0,150620,9.6
567,Sling Blade,1996,135,8.0,84.0,92203,24.48
568,Dial M for Murder,1954,105,8.2,75.0,169708,0.01
569,All About Eve,1950,138,8.2,98.0,127853,0.01
570,Papillon,1973,151,8.0,58.0,127671,53.27
571,Soorarai Pottru,2020,153,9.1,,106377,
572,Tumbbad,2018,104,8.3,,39410,
573,Sing Street,2016,106,7.9,79.0,90839,3.24
574,Evil Dead II,1987,84,7.7,72.0,157508,5.92
575,Nausicaä of the Valley of the Wind,1984,117,8.1,86.0,163479,0.5
576,Ghost in the Shell,1995,83,8.0,76.0,138158,0.52
577,The Longest Day,1962,178,7.8,75.0,54532,39.1
578,Enter the Dragon,1973,102,7.7,83.0,102158,25.0
579,Ran,1985,162,8.2,96.0,121472,4.14
580,Lucky Number Slevin,2006,110,7.7,53.0,308199,22.49
581,A Streetcar Named Desire,1951,122,8.0,97.0,105386,8.0
582,Days of Heaven,1978,94,7.8,93.0,56539,
583,I Am Sam,2001,132,7.6,28.0,148046,40.31
584,Solaris,1972,167,8.0,90.0,88271,
585,Kiki's Delivery Service,1989,103,7.9,83.0,136657,
586,What Ever Happened to Baby Jane?,1962,134,8.1,75.0,53981,4.05
587,Hamlet,1996,242,7.7,,37486,4.41
588,Andrei Rublev,1966,205,8.1,,52008,0.1
589,Clerks,1994,92,7.7,70.0,218286,3.15
590,The King of Comedy,1982,109,7.8,73.0,98504,2.5
591,Sabrina,1954,113,7.6,72.0,63144,
592,Cabaret,1972,124,7.8,80.0,52903,42.77
593,The Best Years of Our Lives,1946,170,8.1,93.0,61854,23.65
594,High Noon,1952,85,8.0,89.0,102036,9.45
595,Rebel Without a Cause,1955,111,7.7,89.0,88218,
596,Neon Genesis Evangelion: The End of Evangelion,1997,87,8.1,,49876,
597,The Bridges of Madison County,1995,135,7.6,69.0,78652,71.52
598,Persona,1966,83,8.1,86.0,113224,
599,Andhadhun,2018,139,8.2,,86528,1.37
600,Red River,1948,133,7.8,,30334,
601,Miller's Crossing,1990,115,7.7,66.0,132448,5.08
602,The Outlaw Josey Wales,1976,135,7.8,69.0,71288,31.8
603,Like Stars on Earth,2007,165,8.4,,184591,1.22
604,50/50,2011,100,7.6,72.0,325084,35.01
605,21 Grams,2003,124,7.6,70.0,232710,16.29
606,Malcolm X,1992,202,7.7,73.0,91878,48.17
607,Hero,2002,120,7.9,85.0,178926,53.71
608,"Spring, Summer, Fall, Winter... and Spring",2003,103,8.0,85.0,81352,2.38
609,8½,1963,138,8.0,91.0,115080,0.05
610,Uri: The Surgical Strike,2019,138,8.3,,54824,4.19
611,Badlands,1973,94,7.8,93.0,70946,
612,Barton Fink,1991,116,7.7,69.0,118602,6.15
613,Mommy,2014,139,8.1,74.0,55018,3.49
614,The Third Man,1949,93,8.1,97.0,167540,0.45
615,Dawn of the Dead,1978,127,7.9,71.0,117560,5.1
616,Open Your Eyes,1997,119,7.7,,68076,0.37
617,The Right Stuff,1983,193,7.8,91.0,60124,21.5
618,Glengarry Glen Ross,1992,100,7.7,82.0,102302,10.73
619,Hotel Rwanda,2004,121,8.1,79.0,347430,23.53
620,La Dolce Vita,1960,174,8.0,95.0,71031,19.52
621,Mother,2009,129,7.8,79.0,60412,0.55
622,Kung Fu Hustle,2004,99,7.8,78.0,134942,17.11
623,The Iron Giant,1999,86,8.0,85.0,184315,23.16
624,The Last Emperor,1987,163,7.7,76.0,100036,43.98
625,Letters from Iwo Jima,2006,141,7.9,89.0,159768,13.76
626,The Wind Rises,2013,126,7.8,83.0,81053,5.21
627,A Man Called Ove,2015,116,7.7,70.0,52290,3.36
628,Run Lola Run,1998,80,7.7,77.0,195444,7.27
629,Short Term 12,2013,96,8.0,82.0,86087,1.01
630,The 400 Blows,1959,99,8.1,,113580,
631,"South Park: Bigger, Longer & Uncut",1999,81,7.7,73.0,200515,52.04
632,Rashomon,1950,88,8.2,98.0,162867,0.1
633,The Killing,1956,84,8.0,91.0,87142,
634,The Last King of Scotland,2006,123,7.7,74.0,182789,17.61
635,All That Jazz,1979,123,7.9,72.0,30569,37.82
636,Gangs of Wasseypur,2012,321,8.2,89.0,92039,
637,The Night of the Hunter,1955,92,8.0,99.0,86896,0.65
638,Dancer in the Dark,2000,140,8.0,61.0,107334,4.18
639,Ray,2004,152,7.7,73.0,144649,75.33
640,Baahubali 2: The Conclusion,2017,167,8.2,,83868,20.19
641,25th Hour,2002,135,7.6,68.0,176088,13.06
642,Patton,1970,172,7.9,91.0,99878,61.7
643,Where Eagles Dare,1968,158,7.6,63.0,56716,
644,Finding Neverland,2004,106,7.6,67.0,203610,51.68
645,Castle in the Sky,1986,125,8.0,78.0,160383,
646,Nosferatu,1922,94,7.9,,93822,
647,Roman Holiday,1953,118,8.0,78.0,135062,
648,Black Book,2006,145,7.7,71.0,75568,4.4
649,Victoria,2015,138,7.6,77.0,57021,
650,Three Colors: Blue,1993,94,7.9,85.0,98283,1.32
651,Happiness,1998,134,7.7,81.0,69063,2.81
652,The Body,2012,112,7.6,,63243,
653,Beasts of No Nation,2015,137,7.7,79.0,79067,0.08
654,Giant,1956,201,7.6,84.0,37574,
655,Wings of Desire,1987,128,8.0,79.0,69023,3.33
656,Modern Times,1936,87,8.5,96.0,233099,0.16
657,The Searchers,1956,119,7.9,94.0,86432,
658,Gaslight,1944,114,7.8,,27320,
659,The Maltese Falcon,1941,100,8.0,97.0,155196,2.11
660,PK,2014,153,8.1,,175437,10.62
661,The Lion in Winter,1968,134,7.9,,30854,22.28
662,The Man Who Shot Liberty Valance,1962,123,8.1,94.0,73742,
663,The Dirty Dozen,1967,150,7.7,73.0,70981,45.3
664,Rio Bravo,1959,141,8.0,93.0,60342,12.54
665,Double Indemnity,1944,107,8.3,95.0,152189,5.72
666,Night of the Living Dead,1968,96,7.9,89.0,124327,0.09
667,October Sky,1999,108,7.8,71.0,88230,32.48
668,Breaking the Waves,1996,159,7.8,76.0,65448,4.04
669,My Left Foot,1989,103,7.9,97.0,72360,14.74
670,The Station Agent,2003,89,7.6,81.0,69572,5.74
671,Me and Earl and the Dying Girl,2015,105,7.7,74.0,128715,6.74
672,Shoplifters,2018,121,7.9,93.0,71884,3.31
673,The Man from Nowhere,2010,119,7.8,,67520,0.01
674,The Thin Man,1934,91,8.0,86.0,28744,
675,Pink Floyd: The Wall,1982,95,8.0,47.0,79381,22.24
676,Being There,1979,130,8.0,83.0,70827,30.18
677,It Happened One Night,1934,105,8.1,87.0,100549,4.36
678,Loving Vincent,2017,94,7.8,62.0,55632,6.74
679,Z,1969,127,8.2,86.0,27184,0.08
680,God's Own Country,2017,104,7.7,85.0,28995,0.34
681,A Little Princess,1995,97,7.7,83.0,33910,10.02
682,Detachment,2011,98,7.7,52.0,82224,0.07
683,Breathless,1960,90,7.8,,78625,0.34
684,The Killing Fields,1984,141,7.8,76.0,54496,34.7
685,Flipped,2010,90,7.7,45.0,87763,1.75
686,Drishyam 2,2021,152,8.6,,33377,
687,Paprika,2006,90,7.7,81.0,78846,0.88
688,The Quiet Man,1952,129,7.8,85.0,37387,10.55
689,King Kong,1933,100,7.9,90.0,83534,10.0
690,Fantastic Planet,1973,72,7.8,73.0,29224,0.19
691,Cowboy Bebop: The Movie,2001,115,7.9,61.0,47009,1.0
692,Mary and Max,2009,92,8.1,,172899,
693,Mysterious Skin,2004,105,7.6,73.0,68164,0.7
694,Nebraska,2013,115,7.7,87.0,116295,17.65
695,East of Eden,1955,118,7.9,72.0,44334,
696,Notorious,1946,102,8.0,100.0,98662,10.46
697,The Day of the Jackal,1973,143,7.8,80.0,39901,16.06
698,The Day the Earth Stood Still,1951,92,7.7,,80401,
699,Belle de Jour,1967,100,7.7,,43081,0.03
700,The Straight Story,1999,112,8.0,86.0,88220,6.2
701,The Wild Bunch,1969,135,7.9,97.0,82548,12.06
702,Whisper of the Heart,1995,111,7.9,75.0,58770,
703,Judgment at Nuremberg,1961,179,8.2,60.0,74950,
704,Cat on a Hot Tin Roof,1958,108,8.0,84.0,48057,17.57
705,Bicycle Thieves,1948,89,8.3,,158353,0.33
706,Manhattan,1979,96,7.9,83.0,137743,45.7
707,The Red Shoes,1948,135,8.1,,33737,10.9
708,Harold and Maude,1971,91,7.9,62.0,75779,
709,Three Colors: Red,1994,99,8.1,100.0,100088,4.04
710,Freaks,1932,64,7.9,80.0,45003,
711,Infernal Affairs,2002,101,8.0,75.0,122448,0.17
712,"Duck, You Sucker!",1971,138,7.6,77.0,33671,0.7
713,Pride,2014,119,7.8,79.0,55056,
714,Who's Afraid of Virginia Woolf?,1966,131,8.0,75.0,73567,
715,Withnail & I,1987,107,7.6,84.0,42902,1.54
716,Talk to Her,2002,112,7.9,86.0,109903,9.28
717,Amour,2012,127,7.9,94.0,97853,6.74
718,Ikiru,1952,143,8.3,,75314,0.06
719,Happy Together,1997,96,7.7,70.0,27009,0.19
720,Porco Rosso,1992,94,7.7,83.0,85265,
721,Hannah and Her Sisters,1986,107,7.9,90.0,70255,40.08
722,The Grapes of Wrath,1940,129,8.1,96.0,90225,0.06
723,Zulu,1964,138,7.7,77.0,38299,
724,Kubo and the Two Strings,2016,101,7.8,84.0,125289,48.02
725,The Chaser,2008,125,7.8,64.0,63707,
726,Tokyo Godfathers,2003,92,7.8,73.0,37327,0.13
727,Philomena,2013,98,7.6,77.0,98260,37.71
728,Strangers on a Train,1951,101,8.0,88.0,130925,7.63
729,The Verdict,1982,129,7.7,77.0,38806,54.0
730,The Big Sleep,1946,114,7.9,,83715,6.54
731,All About My Mother,1999,101,7.9,87.0,94226,8.26
732,Ayla: The Daughter of War,2017,125,8.4,,37894,
733,Children of Heaven,1997,89,8.3,77.0,71912,0.93
734,Secrets & Lies,1996,136,8.0,91.0,41978,13.42
735,Mirror,1975,107,8.1,80.0,44495,0.18
736,From Here to Eternity,1953,118,7.6,85.0,45897,30.5
737,Throne of Blood,1957,110,8.1,,50598,
738,Short Cuts,1993,188,7.7,79.0,44138,6.11
739,The Salesman,2016,124,7.7,85.0,57586,2.4
740,The Innocents,1961,100,7.8,88.0,29497,2.62
741,High and Low,1963,143,8.4,,41281,
742,Shadow of a Doubt,1943,108,7.8,94.0,63656,
743,Frankenstein,1931,70,7.8,91.0,70118,
744,Touch of Evil,1958,95,8.0,99.0,102582,2.24
745,The African Queen,1951,105,7.8,91.0,76972,0.54
746,Leviathan,2014,140,7.6,92.0,52230,1.09
747,Yojimbo,1961,110,8.2,93.0,119137,
748,Fantasia,1940,125,7.7,96.0,93365,76.41
749,The Double Life of Véronique,1991,98,7.8,86.0,46691,2.0
750,The Kid,1921,68,8.3,,122487,5.45
751,The Hustler,1961,134,8.0,90.0,80222,8.28
752,City Lights,1931,87,8.5,99.0,178964,0.02
753,Mr. Smith Goes to Washington,1939,129,8.1,73.0,112994,9.6
754,The Manchurian Candidate,1962,126,7.9,94.0,74289,
755,Anatomy of a Murder,1959,161,8.0,95.0,64455,11.9
756,Cape Fear,1962,106,7.7,76.0,28390,
757,The White Ribbon,2009,144,7.8,82.0,72059,2.22
758,Miracle on 34th Street,1947,96,7.9,88.0,46983,2.65
759,Night on Earth,1991,129,7.7,68.0,58893,2.02
760,The Treasure of the Sierra Madre,1948,126,8.2,98.0,121522,5.01
761,The Adventures of Robin Hood,1938,102,7.9,97.0,49975,3.98
762,Stalag 17,1953,120,8.0,84.0,54751,
763,Raatchasan,2018,170,8.4,,37480,
764,All Quiet on the Western Front,1930,152,8.1,91.0,60119,3.27
765,The Wave,2008,107,7.6,,106970,
766,The Cabinet of Dr. Caligari,1920,67,8.1,,61564,
767,Wolf Children,2012,117,8.1,71.0,42781,
768,Wild Strawberries,1957,91,8.2,88.0,103996,
769,Waking Life,2001,99,7.8,83.0,63063,2.89
770,Good Bye Lenin!,2003,121,7.7,68.0,143372,4.06
771,The Motorcycle Diaries,2004,126,7.8,75.0,99896,16.76
772,The Diving Bell and the Butterfly,2007,112,8.0,92.0,106428,5.99
773,Nashville,1975,160,7.7,96.0,25626,14.82
774,The Sea Inside,2004,126,8.0,74.0,80475,2.09
775,Bringing Up Baby,1938,102,7.9,91.0,59933,
776,The Man Who Would Be King,1975,129,7.8,91.0,47848,
777,Land of Mine,2015,100,7.8,75.0,39558,0.44
778,3-Iron,2004,88,8.0,72.0,53826,0.24
779,Peeping Tom,1960,101,7.7,,34156,0.08
780,Amarcord,1973,123,7.9,,42473,0.58
781,A Prophet,2009,155,7.9,90.0,97194,2.08
782,The Legend of 1900,1998,169,8.1,58.0,62444,0.26
783,The Sacrifice,1986,149,8.0,,27219,0.3
784,The Tale of The Princess Kaguya,2013,137,8.0,89.0,43833,1.51
785,Zindagi Na Milegi Dobara,2011,155,8.2,,74352,3.11
786,Super 30,2019,154,8.0,,28341,2.27
787,"Aguirre, the Wrath of God",1972,95,7.9,,55648,
788,Song of the Sea,2014,93,8.1,85.0,56410,0.86
789,Adam's Apples,2005,94,7.8,51.0,49278,0.0
790,Control,2007,122,7.7,78.0,64175,0.87
791,Bajrangi Bhaijaan,2015,163,8.0,,83103,8.18
792,His Girl Friday,1940,92,7.9,,57081,0.3
793,Underground,1995,167,8.1,79.0,57492,0.17
794,Hedwig and the Angry Inch,2001,95,7.7,85.0,34917,3.03
795,The Wages of Fear,1953,131,8.1,85.0,59157,
796,Laura,1944,88,8.0,,45955,4.36
797,Tokyo Story,1953,136,8.2,,59082,
798,Out of the Past,1947,97,8.0,,35940,
799,Three Colors: White,1994,92,7.6,88.0,70963,1.46
800,When Marnie Was There,2014,103,7.7,72.0,37802,0.77
801,A Man for All Seasons,1966,120,7.7,72.0,33751,28.35
802,Scarface,1932,93,7.7,87.0,27266,
803,The Tenant,1976,126,7.6,71.0,42796,1.92
804,Batman: Mask of the Phantasm,1993,76,7.8,,47563,5.62
805,Le Samouraï,1967,101,8.1,,49478,0.04
806,"I, Daniel Blake",2016,100,7.9,78.0,58126,0.26
807,My Name Is Khan,2010,165,8.0,50.0,103892,4.02
808,Kal Ho Naa Ho,2003,186,7.9,54.0,67152,1.79
809,Autumn Sonata,1978,99,8.2,,32749,
810,Lilya 4-Ever,2002,109,7.8,82.0,44812,0.18
811,The 39 Steps,1935,86,7.6,93.0,55433,
812,Fitzcarraldo,1982,158,8.1,,33934,
813,To Be or Not to Be,1942,99,8.2,86.0,34993,
814,Winter Sleep,2014,196,8.1,88.0,50335,0.17
815,Drishyam,2015,163,8.2,,78235,0.74
816,The Lunchbox,2013,104,7.8,76.0,54304,4.23
817,Article 15,2019,130,8.2,,29076,
818,Pather Panchali,1955,125,8.4,,30165,0.54
819,A Very Long Engagement,2004,133,7.6,76.0,72837,6.17
820,The Message,1976,177,8.2,,46305,
821,Repulsion,1965,105,7.7,91.0,52007,
822,The Taking of Pelham One Two Three,1974,104,7.7,68.0,29681,2.49
823,Elite Squad,2007,115,8.0,33.0,101861,0.01
824,Dara of Jasenovac,2020,130,8.7,,80215,
825,C.R.A.Z.Y.,2005,129,7.9,81.0,32499,
826,Harvey,1950,104,7.9,,54651,
827,Inherit the Wind,1960,128,8.1,75.0,29419,
828,The Umbrellas of Cherbourg,1964,91,7.8,86.0,26488,0.03
829,Chhichhore,2019,143,8.3,,47118,0.9
830,A Night at the Opera,1935,96,7.9,,32256,2.54
831,The Asphalt Jungle,1950,112,7.9,,25993,
832,Wait Until Dark,1967,108,7.8,81.0,29814,17.55
833,Nights of Cabiria,1957,110,8.1,,47321,0.75
834,96,2018,158,8.5,,27283,
835,The Vanishing,1988,107,7.7,,37573,
836,Hard Boiled,1992,128,7.8,,49302,
837,Dragon Ball Super: Broly,2018,100,7.8,59.0,25458,30.71
838,Ivan's Childhood,1962,95,8.1,,35085,
839,Darbareye Elly,2009,119,8.0,87.0,51178,0.11
840,The Battle of Algiers,1966,121,8.1,96.0,58001,0.06
841,Persepolis,2007,96,8.0,90.0,92823,4.45
842,Dersu Uzala,1975,142,8.3,,26897,
843,Arsenic and Old Lace,1943,118,8.0,,69456,
844,In a Lonely Place,1950,94,8.0,,30141,
845,Shine,1996,105,7.7,87.0,53462,35.81
846,Jules and Jim,1962,105,7.8,97.0,40264,
847,To Have and Have Not,1944,100,7.8,90.0,33603,
848,Invasion of the Body Snatchers,1956,80,7.7,92.0,48168,
849,Key Largo,1948,100,7.8,,39714,
850,Lifeboat,1944,97,7.6,78.0,28250,
851,My Sassy Girl,2001,137,8.0,,47327,
852,The Little Prince,2015,108,7.7,70.0,60345,1.34
853,The General,1926,67,8.1,,88351,1.03
854,The Girl Who Leapt Through Time,2006,98,7.7,,64188,
855,Interstate 60: Episodes of the Road,2002,116,7.7,,31781,
856,Joyeux Noel,2005,116,7.7,70.0,29413,1.05
857,The Shop Around the Corner,1940,99,8.1,96.0,31890,0.2
858,Only Yesterday,1991,118,7.6,90.0,30492,0.45
859,The Bandit,1996,128,8.2,,68844,
860,Kagemusha,1980,162,8.0,84.0,34771,
861,The Conformist,1970,113,8.0,100.0,29422,0.54
862,Taste of Cherry,1997,95,7.8,80.0,28494,0.31
863,Badla,2019,118,7.8,,26384,1.86
864,Head-On,2004,121,7.9,78.0,53354,
865,The World's Fastest Indian,2005,127,7.8,68.0,53878,5.13
866,The Muppet Christmas Carol,1992,85,7.7,64.0,56988,27.28
867,Cries & Whispers,1972,91,8.1,,33009,1.74
868,Lagaan: Once Upon a Time in India,2001,224,8.1,84.0,110693,0.07
869,Gully Boy,2019,154,7.9,65.0,36841,5.57
870,The Experiment,2001,120,7.7,60.0,92944,0.14
871,Frost/Nixon,2008,122,7.7,80.0,106626,18.59
872,Loveless,2017,127,7.6,86.0,32249,0.57
873,The Lady Vanishes,1938,96,7.8,98.0,51017,
874,Nobody Knows,2004,141,8.1,88.0,26933,0.68
875,Sweet Smell of Success,1957,96,8.0,100.0,30711,
876,The Gold Rush,1925,95,8.2,,108101,5.45
877,Nostalghia,1983,125,8.1,,26004,0.01
878,The Chorus,2004,97,7.9,56.0,60478,3.64
879,The Past,2013,130,7.7,85.0,47903,1.33
880,Time of the Gypsies,1988,142,8.1,,29981,0.28
881,The Invisible Man,1933,71,7.7,87.0,33804,
882,Eyes Without a Face,1960,90,7.7,90.0,30456,0.05
883,Farewell My Concubine,1993,171,8.1,83.0,27429,5.22
884,Masaan,2015,109,8.2,,26824,
885,Crimes and Misdemeanors,1989,104,7.9,77.0,57054,18.25
886,Brief Encounter,1945,86,8.0,92.0,38817,
887,Diabolique,1955,117,8.1,,64652,1.09
888,The Bride of Frankenstein,1935,75,7.8,95.0,46883,4.36
889,Swades,2004,189,8.2,,88160,1.22
890,The Secret of Kells,2009,75,7.6,81.0,34465,0.69
891,The Postman,1994,108,7.7,81.0,35667,21.85
892,Ninja Scroll,1993,94,7.9,,36473,
893,M.S. Dhoni: The Untold Story,2016,184,8.0,,50573,1.78
894,Kahaani,2012,122,8.1,,61505,1.04
895,The Odd Couple,1968,105,7.7,86.0,34093,44.53
896,Badhaai Ho,2018,124,8.0,,32238,
897,The Caine Mutiny,1954,124,7.7,63.0,27063,21.75
898,The Return,2003,110,8.0,82.0,44755,0.5
899,The Exterminating Angel,1962,95,8.1,,32324,
900,Ace in the Hole,1951,111,8.1,72.0,34667,3.97
901,Au Revoir les Enfants,1987,104,8.0,88.0,33079,4.54
902,The Passion of Joan of Arc,1928,114,8.1,,52501,0.02
903,G.O.R.A.,2003,127,8.1,,60797,
904,After the Wedding,2006,120,7.7,78.0,34013,0.41
905,La Strada,1954,108,8.0,,61685,
906,Sleuth,1972,138,8.0,,46919,4.08
907,My Father and My Son,2005,112,8.2,,84397,
908,Departures,2008,130,8.1,68.0,51062,1.5
909,Down by Law,1986,107,7.7,75.0,50533,1.44
910,Battleship Potemkin,1925,66,8.0,97.0,56338,0.05
911,"Black Cat, White Cat",1998,127,8.1,73.0,52908,0.35
912,Sunrise,1927,94,8.1,,50122,0.54
913,Vivre Sa Vie,1962,85,8.0,,30638,
914,The Broken Circle Breakdown,2012,111,7.7,70.0,40705,0.18
915,Once Upon a Time in Anatolia,2011,157,7.9,82.0,45237,0.14
916,"4 Months, 3 Weeks and 2 Days",2007,113,7.9,97.0,59106,1.19
917,Rififi,1955,118,8.1,97.0,33200,0.06
918,The Lost Weekend,1945,101,7.9,,35896,9.46
919,Confessions,2010,106,7.7,,38028,
920,The Hidden Fortress,1958,126,8.1,89.0,37887,
921,The Big Heat,1953,89,7.9,,25959,
922,Dil Chahta Hai,2001,183,8.1,,70465,0.3
923,Rockstar,2011,159,7.7,,42886,0.99
924,Drishyam,2013,160,8.3,,39168,
925,The Triplets of Belleville,2003,80,7.8,91.0,53692,7.0
926,Celda 211,2009,113,7.6,,66455,
927,Hiroshima Mon Amour,1959,90,7.9,,30799,0.09
928,Special 26,2013,144,8.0,,54681,1.08
929,The Virgin Spring,1960,89,8.1,,28475,1.53
930,Dreams,1990,119,7.8,,25718,1.96
931,In a Better World,2010,118,7.6,65.0,39694,1.01
932,Jab We Met,2007,138,7.9,,51115,0.41
933,Bhaag Milkha Bhaag,2013,186,8.2,,65783,1.63
934,The Discreet Charm of the Bourgeoisie,1972,102,7.9,93.0,41731,0.2
935,In America,2002,105,7.7,76.0,42697,15.54
936,Lupin III: The Castle of Cagliostro,1979,102,7.6,72.0,29668,
937,Vampire Hunter D: Bloodlust,2000,103,7.7,62.0,31042,0.15
938,The Killer,1989,111,7.8,82.0,47557,
939,Joint Security Area,2000,110,7.8,58.0,28978,
940,The Ladykillers,1955,91,7.7,91.0,28650,
941,Rang De Basanti,2006,167,8.1,,117359,2.2
942,Hera Pheri,2000,156,8.2,,63561,
943,Queen,2013,146,8.2,,64351,1.43
944,Pink,2016,136,8.1,,43406,1.24
945,Dilwale Dulhania Le Jayenge,1995,181,8.1,,67346,
946,Raise the Red Lantern,1991,125,8.1,,31716,2.6
947,Sherlock Jr.,1924,45,8.2,,47267,0.98
948,No Man's Land,2001,98,7.9,84.0,46449,1.06
949,Veer Zaara,2004,192,7.8,67.0,51619,2.92
950,Hindi Medium,2017,132,7.9,,26984,
951,Talvar,2015,132,8.2,,34038,0.34
952,Paan Singh Tomar,2012,135,8.2,,35423,0.04
953,Duck Soup,1933,69,7.8,93.0,59253,
954,Fireworks,1997,103,7.7,,29807,0.23
955,Millennium Actress,2001,87,7.9,70.0,26495,0.19
956,Barfi!,2012,151,8.1,,79789,2.8
957,Udaan,2010,134,8.2,,44334,0.01
958,Haider,2014,160,8.1,,52850,0.9
959,The Purple Rose of Cairo,1985,82,7.7,75.0,50626,10.63
960,The Magdalene Sisters,2002,114,7.7,83.0,26903,4.89
961,Tangerines,2013,87,8.2,73.0,45018,0.14
962,Beauty and the Beast,1946,93,7.9,92.0,25907,0.3
963,L'Avventura,1960,144,7.8,,28716,
964,Black,2005,122,8.2,,34483,0.73
965,The Rules of the Game,1939,110,8.0,,28327,
966,Kind Hearts and Coronets,1949,106,8.0,,36575,
967,Nine Queens,2000,114,7.9,80.0,51910,1.22
968,White Heat,1949,114,8.1,,31992,
969,Andaz Apna Apna,1994,160,8.1,,52356,
970,Raazi,2018,138,7.8,,28883,
971,Le Dîner de Cons,1998,80,7.7,73.0,40627,4.07
972,Chak De! India,2007,153,8.2,68.0,78279,1.11
973,Tae Guk Gi: The Brotherhood of War,2004,140,8.0,64.0,39199,1.11
974,Udta Punjab,2016,148,7.8,,29420,
975,La Grande Illusion,1937,113,8.1,,35787,0.17
976,Sanjuro,1962,96,8.1,,37191,
977,Love and Death,1975,85,7.7,89.0,37859,
978,Baby,2015,159,8.0,,56287,
979,Central Station,1998,110,8.0,80.0,38751,5.6
980,Vicky Donor,2012,126,7.8,,42177,0.17
981,Dev.D,2009,144,8.0,,30125,0.01
982,"Rome, Open City",1945,103,8.1,,25612,
983,A Wednesday,2008,104,8.1,,77125,
984,Elite Squad 2: The Enemy Within,2010,115,8.0,71.0,81852,0.1
985,Knockin' on Heaven's Door,1997,87,7.9,,29483,0.0
986,Munna Bhai M.B.B.S.,2003,156,8.1,,79084,
987,Sullivan's Travels,1941,90,7.9,,25763,
988,Kai Po Che,2013,120,7.8,40.0,35945,1.12
989,Zelig,1983,79,7.7,,41526,11.8
990,Sholay,1975,162,8.2,,54369,
991,The Edge of Heaven,2007,122,7.8,85.0,31774,0.74
992,Airlift,2016,130,8.0,,55815,
993,The Circus,1928,72,8.1,90.0,32815,
994,OMG: Oh My God!,2012,125,8.1,,56309,0.92
995,"Carry On, Munna Bhai",2006,144,8.1,,45832,2.22
996,Anand,1971,122,8.2,,33172,
997,Vizontele,2001,110,8.0,,35784,
998,English Vinglish,2012,134,7.8,,35463,1.67
999,The Breath,2009,128,8.0,,33144,
